Player,Team,Position,Point,TOI,PPT
Justin Abdelkader,DET,LW,3,208,0.014423077
Vitaly Abramov,OTT,RW,1,12,0.083333333
Noel Acciari,FLA,C,7,340,0.020588235
Andrew Agozzino,PIT,LW,0,2,0
Sebastian Aho,CAR,F,22,525,0.041904762
Michael Amadio,LAK,C,9,376,0.02393617
Josh Anderson,CBJ,RW,3,328,0.009146341
Lias Andersson,NYR,C,1,162,0.00617284
Rasmus Andersson,CGY,D,8,571,0.014010508
Andy Andreoff,PHI,LW,1,51,0.019607843
Artem Anisimov,OTT,C,2,130,0.015384615
Mason Appleton,WPG,C,0,93,0
Josh Archibald,EDM,RW,1,254,0.003937008
Joel Armia,MTL,RW,15,424,0.035377358
Viktor Arvidsson,NSH,LW,15,379,0.039577836
Rasmus Asplund,BUF,F,2,115,0.017391304
Zach Aston-Reese,PIT,C,7,383,0.018276762
Andreas Athanasiou,DET,C,15,465,0.032258065
Cam Atkinson,CBJ,RW,14,482,0.029045643
David Backes,BOS,C,2,75,0.026666667
Mikael Backlund,CGY,C,10,537,0.018621974
Nicklas Backstrom,WSH,C,18,453,0.039735099
Sven Baertschi,VAN,LW,2,71,0.028169014
Josh Bailey,NYI,C,17,440,0.038636364
Ivan Barbashev,STL,C,13,396,0.032828283
Mark Barberio,COL,D,0,112,0
Cole Bardreau,NYI,F,2,76,0.026315789
Aleksander Barkov,FLA,C,31,524,0.059160305
Tyson Barrie,TOR,D,12,597,0.020100503
Mathew Barzal,NYI,C,23,479,0.048016701
Drake Batherson,OTT,C,0,26,0
Jay Beagle,VAN,RW,3,252,0.011904762
Ethan Bear,EDM,D,9,616,0.01461039
J.C. Beaudin,OTT,C,1,121,0.008264463
Nathan Beaulieu,WPG,D,1,149,0.006711409
Anthony Beauvillier,NYI,LW,17,444,0.038288288
Pierre-Edouard Bellemare,COL,LW,8,330,0.024242424
Emil Bemstrom,CBJ,C,9,279,0.032258065
Jamie Benn,DAL,LW,14,472,0.029661017
Jordie Benn,VAN,D,4,477,0.008385744
Sam Bennett,CGY,C,5,264,0.018939394
Matt Benning,EDM,D,5,329,0.015197568
Patrice Bergeron,BOS,C,24,395,0.060759494
Lean Bergmann,SJS,F,1,68,0.014705882
Tyler Bertuzzi,DET,LW,24,588,0.040816327
Alex Biega,DET,D,0,177,0
Jake Bischoff,VEG,D,0,62,0
Clark Bishop,CAR,C,1,15,0.066666667
Anthony Bitetto,WPG,D,2,258,0.007751938
Anders Bjork,BOS,LW,7,252,0.027777778
Oliver Bjorkstrand,CBJ,RW,15,438,0.034246575
Tobias Bjornfot,LAK,D,0,39,0
Nick Bjugstad,PIT,C,1,132,0.007575758
Sammy Blais,STL,LW,8,270,0.02962963
Joseph Blandisi,PIT,C,3,92,0.032608696
Teddy Blueger,PIT,C,6,405,0.014814815
Mikkel Boedker,OTT,RW,1,44,0.022727273
Brock Boeser,VAN,RW,25,549,0.045537341
Zach Bogosian,BUF,D,2,114,0.01754386
Nick Bonino,NSH,C,16,440,0.036363636
Adam Boqvist,CHI,D,1,87,0.011494253
Jesper Boqvist,NJD,C,2,157,0.012738854
Henrik Borgström,FLA,C,0,50,0
Mark Borowiecki,OTT,D,10,464,0.021551724
Robert Bortuzzo,STL,D,1,148,0.006756757
Gabriel Bourque,WPG,LW,3,162,0.018518519
Jay Bouwmeester,STL,D,6,630,0.00952381
Madison Bowey,DET,D,8,391,0.020460358
Johnny Boychuk,NYI,D,7,428,0.01635514
Travis Boyd,WSH,C,7,142,0.049295775
Brian Boyle,FLA,C,8,234,0.034188034
Tyler Bozak,STL,C,11,460,0.023913043
Erik Brannstrom,OTT,D,2,300,0.006666667
Derick Brassard,NYI,C,17,385,0.044155844
Jesper Bratt,NJD,W,7,275,0.025454545
Justin Braun,PHI,D,5,469,0.010660981
T.J. Brodie,CGY,D,10,470,0.021276596
Jonas Brodin,MIN,D,8,570,0.014035088
Jonny Brodzinski,SJS,C,1,22,0.045454545
Troy Brouwer,STL,RW,0,53,0
Connor Brown,OTT,RW,15,547,0.027422303
Dustin Brown,LAK,RW,15,531,0.028248588
Josh Brown,FLA,D,3,282,0.010638298
Logan Brown,OTT,C,6,157,0.038216561
Pavel Buchnevich,NYR,LW,19,436,0.043577982
Connor Bunnaman,PHI,F,0,38,0
Andre Burakovsky,COL,LW,21,376,0.055851064
Brent Burns,SJS,D,21,701,0.029957204
Will Butcher,NJD,D,9,457,0.019693654
Paul Byron,MTL,C,4,261,0.01532567
Nicholas Caamano,DAL,RW,2,120,0.016666667
Drake Caggiula,CHI,LW,4,167,0.023952096
Matt Calvert,COL,LW,12,286,0.041958042
Kyle Capobianco,ARI,D,1,102,0.009803922
Paul Carey,BOS,C,0,6,0
Brandon Carlo,BOS,D,10,540,0.018518519
John Carlson,WSH,D,37,707,0.052333805
Ryan Carpenter,CHI,C,7,359,0.019498607
Daniel Carr,NSH,LW,0,76,0
Connor Carrick,NJD,D,1,55,0.018181818
Trevor Carrick,SJS,D,0,17,0
William Carrier,VEG,LW,7,264,0.026515152
Jeff Carter,LAK,C,12,486,0.024691358
Colby Cave,EDM,C,1,54,0.018518519
Cody Ceci,TOR,D,4,623,0.006420546
Peter Cehlarik,BOS,LW,1,34,0.029411765
Erik Cernak,TBL,D,1,402,0.002487562
Thomas Chabot,OTT,D,16,684,0.023391813
Zdeno Chara,BOS,D,12,586,0.020477816
Ben Chiarot,MTL,D,10,608,0.016447368
Alex Chiasson,EDM,RW,8,319,0.02507837
Filip Chlapik,OTT,C,5,141,0.035460993
Dennis Cholowski,DET,D,7,526,0.013307985
Jakob Chychrun,ARI,D,10,620,0.016129032
Filip Chytil,NYR,C,10,281,0.035587189
Anthony Cirelli,TBL,C,17,414,0.041062802
Casey Cizikas,NYI,C,7,299,0.023411371
Kyle Clifford,LAK,LW,7,306,0.022875817
Connor Clifton,BOS,D,2,347,0.005763689
Cal Clutterbuck,NYI,RW,6,359,0.016713092
Braydon Coburn,TBL,D,1,232,0.004310345
Andrew Cogliano,DAL,LW,4,308,0.012987013
Ian Cole,COL,D,10,366,0.027322404
Blake Coleman,NJD,C,14,401,0.034912718
Blake Comeau,DAL,RW,5,194,0.025773196
J.T. Compher,COL,LW,14,396,0.035353535
Max Comtois,ANA,LW,5,187,0.026737968
Cory Conacher,TBL,LW,1,33,0.03030303
Kevin Connauton,COL,D,0,17,0
Brett Connolly,FLA,RW,19,381,0.049868766
Kyle Connor,WPG,LW,21,547,0.038391225
Andrew Copp,WPG,C,11,467,0.023554604
Nick Cousins,MTL,C,7,281,0.024911032
Logan Couture,SJS,C,28,527,0.05313093
Sean Couturier,PHI,C,21,516,0.040697674
Charlie Coyle,BOS,C,15,447,0.033557047
Sidney Crosby,PIT,C,17,349,0.048710602
Lawson Crouse,ARI,LW,8,327,0.024464832
Austin Czarnik,CGY,C,3,82,0.036585366
Kirby Dach,CHI,C,10,258,0.03875969
Evgenii Dadonov,FLA,RW,21,458,0.045851528
Rasmus Dahlin,BUF,D,16,455,0.035164835
Carl Dahlstrom,WPG,D,0,173,0
Michael Dal Colle,NYI,LW,3,264,0.011363636
Trevor Daley,DET,D,0,164,0
Phillip Danault,MTL,LW,19,485,0.039175258
Brandon Davidson,CGY,D,0,41,0
Jonathan Davidsson,OTT,RW,1,12,0.083333333
Calvin de Haan,CHI,D,4,494,0.008097166
Jacob de La Rose,TOT,LW,5,296,0.016891892
Jacob de La Rose,DET,LW,4,196,0.020408163
Jacob de La Rose,STL,LW,1,100,0.01
Jean-Sebastien Dea,BUF,C,0,6,0
Anthony DeAngelo,NYR,D,19,475,0.04
Alex DeBrincat,CHI,RW,19,481,0.03950104
Jake Debrusk,BOS,LW,12,344,0.034883721
Danny DeKeyser,DET,D,4,176,0.022727273
Michael Del Zotto,ANA,D,5,356,0.014044944
Dylan DeMelo,OTT,D,2,527,0.003795066
Jason Demers,ARI,D,4,560,0.007142857
Travis Dermott,TOR,D,4,213,0.018779343
Nicolas Deslauriers,ANA,LW,4,171,0.023391813
Jason Dickinson,DAL,C,8,339,0.02359882
Brenden Dillon,SJS,D,5,521,0.009596929
Noah Dobson,NYI,D,2,103,0.019417476
Max Domi,MTL,LW,17,461,0.036876356
Ryan Donato,MIN,C,6,246,0.024390244
Joonas Donskoi,COL,RW,22,468,0.047008547
Drew Doughty,LAK,D,17,722,0.023545706
Nic Dowd,WSH,C,4,172,0.023255814
Justin Dowling,DAL,C,4,223,0.01793722
Leon Draisaitl,EDM,C,50,660,0.075757576
Sheldon Dries,COL,C,0,10,0
Jonathan Drouin,MTL,LW,15,315,0.047619048
Dillon Dube,CGY,C,2,89,0.02247191
Pierre-Luc Dubois,CBJ,LW,18,468,0.038461538
Matt Duchene,NSH,C,20,434,0.046082949
Anthony Duclair,OTT,LW,15,442,0.033936652
Mathew Dumba,MIN,D,9,626,0.014376997
Gabriel Dumont,MIN,C,0,35,0
Brian Dumoulin,PIT,D,7,484,0.01446281
Vince Dunn,STL,D,8,460,0.017391304
Christian Dvorak,ARI,C,16,453,0.035320088
Ryan Dzingel,CAR,C,16,404,0.03960396
Cody Eakin,VEG,C,7,358,0.019553073
Jordan Eberle,NYI,RW,7,247,0.028340081
Alexander Edler,VAN,D,15,638,0.023510972
Joel Edmundson,CAR,D,8,484,0.016528926
Nikolaj Ehlers,WPG,LW,20,467,0.042826552
Christoffer Ehn,DET,C,0,231,0
Jack Eichel,BUF,C,38,600,0.063333333
Aaron Ekblad,FLA,D,15,603,0.024875622
Mattias Ekholm,NSH,D,12,596,0.020134228
Oliver Ekman-Larsson,ARI,D,10,678,0.014749263
Lars Eller,WSH,C,14,487,0.028747433
Ryan Ellis,NSH,D,19,606,0.031353135
Deryk Engelland,VEG,D,2,440,0.004545455
Pierre Engvall,TOR,LW,2,56,0.035714286
Tyler Ennis,OTT,C,11,412,0.026699029
Jonathan Ericsson,DET,D,0,121,0
Loui Eriksson,VAN,LW,1,157,0.006369427
Joel Eriksson Ek,MIN,C,10,374,0.026737968
Adam Erne,DET,LW,0,260,0
Robby Fabbri,TOT,C,11,304,0.036184211
Robby Fabbri,DET,C,10,217,0.046082949
Robby Fabbri,STL,C,1,87,0.011494253
Dante Fabbro,NSH,D,6,496,0.012096774
Radek Faksa,DAL,C,12,442,0.027149321
Oscar Fantenberg,VAN,D,0,12,0
Joel Farabee,PHI,LW,9,313,0.028753994
Jesper Fast,NYR,RW,9,405,0.022222222
Justin Faulk,STL,D,7,593,0.011804384
Taylor Fedun,DAL,D,8,293,0.027303754
Martin Fehervary,WSH,D,0,43,0
Micheal Ferland,VAN,LW,5,124,0.040322581
Mario Ferraro,SJS,D,4,386,0.010362694
Kevin Fiala,MIN,LW,14,313,0.044728435
Valtteri Filppula,DET,C,12,500,0.024
Christian Fischer,ARI,RW,5,314,0.015923567
Cale Fleury,MTL,D,1,308,0.003246753
Haydn Fleury,CAR,D,4,180,0.022222222
Warren Foegele,CAR,LW,9,345,0.026086957
Marcus Foligno,MIN,LW,6,241,0.024896266
Nick Foligno,CBJ,LW,11,396,0.027777778
Christian Folin,MTL,D,1,80,0.0125
Filip Forsberg,NSH,C,18,361,0.049861496
Cam Fowler,ANA,D,15,605,0.024793388
Adam Fox,NYR,D,14,472,0.029661017
Trent Frederic,BOS,C,0,13,0
Michael Frolik,CGY,LW,4,333,0.012012012
Morgan Frost,PHI,C,3,99,0.03030303
Sam Gagner,EDM,C,5,176,0.028409091
Alex Galchenyuk,PIT,C,9,240,0.0375
Brendan Gallagher,MTL,RW,19,453,0.041942605
Dylan Gambrell,SJS,C,6,248,0.024193548
Jake Gardiner,CAR,D,6,448,0.013392857
Rhett Gardner,DAL,C,0,81,0
Conor Garland,ARI,RW,15,378,0.03968254
Adam Gaudette,VAN,C,11,224,0.049107143
Johnny Gaudreau,CGY,LW,21,567,0.037037037
Brendan Gaunce,BOS,C,1,9,0.111111111
Frederik Gauthier,TOR,C,5,293,0.017064846
Julien Gauthier,CAR,RW,0,17,0
Vladislav Gavrikov,CBJ,D,3,408,0.007352941
Timothy Gettinger,NYR,LW,1,17,0.058823529
Ryan Getzlaf,ANA,C,21,512,0.041015625
Brian Gibbons,CAR,C,0,116,0
Dennis Gilbert,CHI,D,0,47,0
John Gilmour,BUF,D,0,68,0
Mark Giordano,CGY,D,14,712,0.019662921
Samuel Girard,COL,D,10,562,0.017793594
Zemgus Girgensons,BUF,C,6,359,0.016713092
Claude Giroux,PHI,C,19,515,0.036893204
Cody Glass,VEG,C,10,403,0.024813896
Luke Glendening,DET,C,5,271,0.018450185
Nikolay Goldobin,VAN,LW,0,9,0
Alex Goligoski,ARI,D,16,646,0.024767802
Cody Goloubef,OTT,D,0,42,0
Barclay Goodrow,SJS,RW,13,417,0.03117506
Shayne Gostisbehere,PHI,D,7,443,0.015801354
Yanni Gourde,TBL,C,14,357,0.039215686
Michael Grabner,ARI,RW,9,351,0.025641026
Markus Granlund,EDM,C,4,265,0.01509434
Mikael Granlund,NSH,C,11,438,0.025114155
Derek Grant,ANA,C,11,388,0.028350515
Tyler Graovac,VAN,C,2,50,0.04
Kevin Gravel,TOR,D,0,33,0
Ryan Graves,COL,D,9,399,0.022556391
Mike Green,DET,D,5,470,0.010638298
Andy Greene,NJD,D,4,431,0.009280742
Jordan Greenway,MIN,LW,9,357,0.025210084
Noah Gregor,SJS,C,1,102,0.009803922
Rocco Grimaldi,NSH,C,12,281,0.042704626
Carl Grundstrom,LAK,RW,4,118,0.033898305
Matt Grzelcyk,BOS,D,8,506,0.015810277
Radko Gudas,WSH,D,7,492,0.014227642
Erik Gudbranson,TOT,D,4,453,0.008830022
Erik Gudbranson,ANA,D,4,347,0.011527378
Erik Gudbranson,PIT,D,0,106,0
Jake Guentzel,PIT,C,27,560,0.048214286
Brendan Guhle,ANA,D,4,298,0.013422819
Carl Gunnarsson,STL,D,4,227,0.017621145
Denis Gurianov,DAL,RW,8,294,0.027210884
Nikita Gusev,NJD,LW,12,306,0.039215686
David Gustafsson,WPG,C,1,123,0.008130081
Erik Gustafsson,CHI,D,9,529,0.017013233
Gaetan Haas,EDM,F,5,194,0.025773196
Carl Hagelin,WSH,LW,5,241,0.020746888
Robert Hagg,PHI,D,3,244,0.012295082
Nicolas Hague,VEG,D,4,325,0.012307692
Ron Hainsey,OTT,D,4,505,0.007920792
Libor Hajek,NYR,D,5,428,0.011682243
Micheal Haley,NYR,C,1,77,0.012987013
Taylor Hall,NJD,LW,21,499,0.042084168
Dan Hamhuis,NSH,D,2,345,0.005797101
Dougie Hamilton,CAR,D,28,631,0.04437401
Travis Hamonic,CGY,D,4,478,0.008368201
Noah Hanifin,CGY,D,7,631,0.011093502
Joel Hanley,DAL,D,2,91,0.021978022
Scott Harrington,CBJ,D,1,97,0.010309278
Ryan Hartman,MIN,RW,7,328,0.021341463
Garnet Hathaway,WSH,RW,7,294,0.023809524
Erik Haula,CAR,LW,11,261,0.042145594
Jayce Hawryluk,FLA,C,3,75,0.04
John Hayden,NJD,C,1,113,0.008849558
Kevin Hayes,PHI,RW,13,485,0.026804124
Barrett Hayton,ARI,C,4,156,0.025641026
Victor Hedman,TBL,D,22,494,0.044534413
Tim Heed,SJS,D,1,178,0.005617978
Danton Heinen,BOS,C,12,395,0.030379747
Ville Heinola,WPG,D,5,145,0.034482759
Miro Heiskanen,DAL,D,17,696,0.024425287
Darren Helm,DET,C,6,354,0.016949153
Adam Henrique,ANA,C,14,455,0.030769231
Tomas Hertl,SJS,C,23,451,0.050997783
Joe Hicketts,DET,D,2,110,0.018181818
Matthew Highmore,CHI,LW,0,18,0
Vinnie Hinostroza,ARI,C,10,374,0.026737968
Roope Hintz,DAL,LW,13,339,0.038348083
Taro Hirose,DET,LW,7,282,0.024822695
Nico Hischier,NJD,C,15,413,0.036319613
Niklas Hjalmarsson,ARI,D,1,60,0.016666667
Mike Hoffman,FLA,C,18,447,0.040268456
Nick Holden,VEG,D,5,443,0.011286682
Justin Holl,TOR,D,8,390,0.020512821
Korbinian Holzer,ANA,D,1,421,0.002375297
Patric Hornqvist,PIT,RW,11,319,0.034482759
Bo Horvat,VAN,C,24,578,0.041522491
Brett Howden,NYR,C,7,387,0.018087855
Filip Hronek,DET,D,13,645,0.020155039
Jonathan Huberdeau,FLA,C,31,494,0.062753036
Charles Hudon,MTL,LW,1,78,0.012820513
Cameron Hughes,BOS,C,0,10,0
Jack Hughes,NJD,C,11,385,0.028571429
Quinn Hughes,VAN,D,23,554,0.041516245
Brad Hunt,MIN,D,11,410,0.026829268
Dryden Hunt,FLA,LW,4,216,0.018518519
Ben Hutton,LAK,D,5,510,0.009803922
Zach Hyman,TOR,C,3,162,0.018518519
Alex Iafallo,LAK,C,14,501,0.027944112
Matt Irwin,NSH,D,1,126,0.007936508
Mark Jankowski,CGY,C,0,276,0
Mattias Janmark,DAL,C,9,327,0.027522936
Calle Jarnkrok,NSH,C,17,408,0.041666667
Christian Jaros,OTT,D,0,10,0
Boone Jenner,CBJ,C,9,434,0.020737327
Nick Jensen,WSH,D,2,494,0.004048583
Ryan Johansen,NSH,C,17,481,0.035343035
Marcus Johansson,BUF,C,10,359,0.027855153
Adam Johnson,PIT,C,2,47,0.042553191
Erik Johnson,COL,D,6,511,0.011741683
Jack Johnson,PIT,D,4,466,0.008583691
Tyler Johnson,TBL,C,11,371,0.029649596
Andreas Johnsson,TOR,LW,16,484,0.033057851
Ross Johnston,NYI,LW,1,89,0.011235955
Henri Jokiharju,BUF,D,8,463,0.017278618
Caleb Jones,EDM,D,0,139,0
Max Jones,ANA,LW,5,293,0.017064846
Seth Jones,CBJ,D,15,649,0.023112481
Mathieu Joseph,TBL,RW,7,295,0.023728814
Roman Josi,NSH,D,24,651,0.036866359
Tyson Jost,COL,C,9,314,0.02866242
Tomas Jurco,EDM,RW,2,120,0.016666667
Nazem Kadri,COL,C,20,465,0.043010753
Dominik Kahun,PIT,C,15,338,0.044378698
Kaapo Kakko,NYR,RW,11,366,0.030054645
Vladislav Kamenev,COL,LW,4,143,0.027972028
David Kampf,CHI,C,7,397,0.017632242
Steven Kampfer,BOS,D,0,51,0
Evander Kane,SJS,LW,22,507,0.043392505
Patrick Kane,CHI,RW,33,578,0.057093426
Kasperi Kapanen,TOR,RW,17,468,0.036324786
Erik Karlsson,SJS,D,21,662,0.031722054
Melker Karlsson,SJS,C,4,310,0.012903226
William Karlsson,VEG,C,24,557,0.043087971
Ondrej Kase,ANA,RW,10,332,0.030120482
Zack Kassian,EDM,RW,19,458,0.041484716
Duncan Keith,CHI,D,6,596,0.010067114
Clayton Keller,ARI,C,16,469,0.034115139
Adrian Kempe,LAK,LW,9,408,0.022058824
Michal Kempny,WSH,D,11,382,0.028795812
Alexander Kerfoot,TOR,C,8,336,0.023809524
Phil Kessel,ARI,RW,14,499,0.028056112
Jujhar Khaira,EDM,LW,5,357,0.014005602
Alex Killorn,TBL,C,17,403,0.042183623
Oscar Klefbom,EDM,D,18,748,0.024064171
John Klingberg,DAL,D,9,513,0.01754386
Slater Koekkoek,CHI,D,3,165,0.018181818
Mikko Koivu,MIN,C,12,479,0.025052192
Otto Koivula,NYI,LW,0,44,0
Leo Komarov,NYI,C,4,141,0.028368794
Travis Konecny,PHI,C,25,464,0.05387931
Anze Kopitar,LAK,C,27,580,0.046551724
Klim Kostin,STL,C; LW,1,34,0.029411765
Jesperi Kotkaniemi,MTL,C,5,264,0.018939394
Ilya Kovalchuk,LAK,LW,9,262,0.034351145
Chris Kreider,NYR,LW,13,464,0.028017241
David Krejci,BOS,C,20,362,0.055248619
Torey Krug,BOS,D,18,451,0.039911308
Dominik Kubalík,CHI,LW,10,318,0.031446541
Nikita Kucherov,TBL,RW,28,432,0.064814815
Karson Kuhlman,BOS,C,0,103,0
Tom Kuhnhackl,NYI,RW,0,69,0
Dean Kukan,CBJ,D,2,264,0.007575758
Brett Kulak,MTL,D,2,239,0.008368201
Dmitry Kulikov,WPG,D,4,493,0.00811359
Luke Kunin,MIN,C,9,422,0.021327014
Sean Kuraly,BOS,C,9,375,0.024
Evgeny Kuznetsov,WSH,C,28,459,0.061002179
Oliver Kylington,CGY,D,2,290,0.006896552
Joel L'Esperance,DAL,RW,1,22,0.045454545
Kevin Labanc,SJS,RW,15,458,0.032751092
Paul Ladue,LAK,D,1,11,0.090909091
Sam Lafferty,PIT,C,9,246,0.036585366
Patrik Laine,WPG,RW,25,481,0.051975052
Maxime Lajoie,OTT,D,0,20,0
Gabriel Landeskog,COL,LW,7,224,0.03125
Dylan Larkin,DET,C,18,635,0.028346457
Adam Larsson,EDM,D,0,117,0
Jacob Larsson,ANA,D,3,438,0.006849315
Johan Larsson,BUF,LW,7,365,0.019178082
Scott Laughton,PHI,C,6,202,0.02970297
Curtis Lazar,BUF,C,1,53,0.018867925
Nick Leddy,NYI,D,10,393,0.025445293
Anders Lee,NYI,C,13,444,0.029279279
Artturi Lehkonen,MTL,LW,12,393,0.030534351
Brendan Leipsic,WSH,LW,8,261,0.030651341
Josh Leivo,VAN,LW,14,418,0.033492823
Brendan Lemieux,NYR,LW,11,348,0.031609195
Kris Letang,PIT,D,16,479,0.033402923
Mark Letestu,WPG,C,0,74,0
Tyler Lewington,WSH,D,0,61,0
Trevor Lewis,LAK,C,4,246,0.016260163
Jakob Lilja,CBJ,F,2,88,0.022727273
Oskar Lindblom,PHI,LW,18,474,0.037974684
Esa Lindell,DAL,D,8,665,0.012030075
Ryan Lindgren,NYR,D,6,260,0.023076923
Elias Lindholm,CGY,C,21,570,0.036842105
Hampus Lindholm,ANA,D,12,438,0.02739726
Par Lindholm,BOS,C,1,189,0.005291005
Bryan Little,WPG,RW,5,113,0.044247788
Blake Lizotte,LAK,C,9,384,0.0234375
Adam Lowry,WPG,LW,4,369,0.010840108
Milan Lucic,CGY,LW,4,338,0.01183432
Matt Luff,LAK,RW,2,62,0.032258065
Isac Lundestrom,ANA,C,0,34,0
Eetu Luostarinen,CAR,C,1,80,0.0125
Joona Luoto,WPG,F,0,72,0
Ilya Lyubushkin,ARI,D,1,192,0.005208333
Olli Maatta,CHI,D,8,487,0.016427105
Kurtis MacDermid,LAK,D,3,184,0.016304348
Mackenzie MacEachern,STL,LW,6,200,0.03
Zack MacEwen,VAN,C,1,58,0.017241379
Nathan MacKinnon,COL,C,42,547,0.07678245
Josh Mahura,ANA,D,4,133,0.030075188
Cale Makar,COL,D,26,524,0.049618321
Beck Malenstyn,WSH,LW,0,28,0
Denis Malgin,FLA,C,9,321,0.028037383
Evgeni Malkin,PIT,C,22,295,0.074576271
Andrew Mangiapane,CGY,LW,9,340,0.026470588
Brandon Manning,EDM,D,1,99,0.01010101
Josh Manson,ANA,D,3,213,0.014084507
Anthony Mantha,DET,RW,23,473,0.048625793
Brad Marchand,BOS,LW,43,529,0.081285444
Jonathan Marchessault,VEG,C,18,512,0.03515625
Martin Marincin,TOR,D,0,83,0
John Marino,PIT,D,11,484,0.022727273
Patrick Marleau,SJS,C,11,387,0.028423773
Mitch Marner,TOR,RW,18,354,0.050847458
Pat Maroon,TBL,LW,10,284,0.035211268
Matt Martin,NYI,LW,3,129,0.023255814
Alec Martinez,LAK,D,5,504,0.009920635
Jordan Martinook,CAR,LW,3,138,0.02173913
Mike Matheson,FLA,D,2,425,0.004705882
Auston Matthews,TOR,C,31,556,0.055755396
Scott Mayfield,NYI,D,6,489,0.012269939
Gerald Mayhew,MIN,F,2,58,0.034482759
Charlie McAvoy,BOS,D,7,611,0.011456628
Jake McCabe,BUF,D,6,548,0.010948905
Jared McCann,PIT,C,17,364,0.046703297
Connor McDavid,EDM,C,51,645,0.079069767
Ryan McDonagh,TBL,D,9,512,0.017578125
Brock McGinn,CAR,LW,6,363,0.016528926
Dylan McIlrath,DET,D,0,208,0
Greg McKegg,NYR,C,2,133,0.015037594
Brayden McNabb,VEG,D,6,571,0.010507881
Jayson Megna,COL,C,0,54,0
Timo Meier,SJS,RW,18,501,0.035928144
Jonathon Merrill,VEG,D,2,536,0.003731343
Victor Mete,MTL,D,8,454,0.017621145
Jacob Middleton,SJS,D,0,2,0
Ilya Mikheyev,TOR,F,17,450,0.037777778
Sonny Milano,CBJ,LW,9,258,0.034883721
Colin Miller,BUF,D,4,392,0.010204082
J.T. Miller,VAN,C,28,566,0.049469965
Casey Mittelstadt,BUF,C,9,359,0.025069638
Sean Monahan,CGY,C,21,539,0.038961039
Brandon Montour,BUF,D,7,252,0.027777778
Trevor Moore,TOR,LW,5,294,0.017006803
Samuel Morin,PHI,D,0,13,0
Josh Morrissey,WPG,D,15,590,0.025423729
Tyler Motte,VAN,C,1,80,0.0125
Mirco Mueller,NJD,D,0,214,0
Connor Murphy,CHI,D,2,297,0.006734007
Ryan Murray,CBJ,D,4,359,0.011142061
Jake Muzzin,TOR,D,13,583,0.022298456
Philippe Myers,PHI,D,6,233,0.025751073
Tyler Myers,VAN,D,4,595,0.006722689
Vladislav Namestnikov,TOT,C,12,384,0.03125
Vladislav Namestnikov,OTT,C,12,357,0.033613445
Vladislav Namestnikov,NYR,C,0,27,0
Riley Nash,CBJ,C,6,234,0.025641026
James Neal,EDM,LW,18,480,0.0375
Martin Necas,CAR,C,16,359,0.044568245
Brock Nelson,NYI,C,20,468,0.042735043
Patrik Nemeth,DET,D,4,518,0.007722008
Aaron Ness,ARI,D,1,151,0.006622517
Valeri Nichushkin,COL,RW,5,286,0.017482517
Nino Niederreiter,CAR,RW,10,415,0.024096386
Frans Nielsen,DET,C,1,355,0.002816901
Matthew Nieto,COL,LW,12,366,0.032786885
Boo Nieves,NYR,C,0,25,0
Sami Niku,WPG,D,0,17,0
Matt Niskanen,PHI,D,11,587,0.018739353
Joakim Nordstrom,BOS,C,3,212,0.014150943
Tomas Nosek,VEG,C,5,291,0.017182131
Ryan Nugent-Hopkins,EDM,C,16,482,0.033195021
Darnell Nurse,EDM,D,13,664,0.019578313
Markus Nutivaara,CBJ,D,2,151,0.013245033
Joakim Nygard,EDM,F,2,132,0.015151515
Alexander Nylander,CHI,LW,10,338,0.029585799
William Nylander,TOR,C,22,505,0.043564356
Gustav Nyquist,CBJ,RW,18,446,0.040358744
Logan O'Connor,COL,RW,1,62,0.016129032
Ryan O'Reilly,STL,C,26,598,0.043478261
Jordan Oesterle,ARI,D,5,320,0.015625
Kyle Okposo,BUF,RW,5,201,0.024875622
Jamie Oleksiak,DAL,D,4,412,0.009708738
Mathieu Olivier,NSH,F,1,53,0.018867925
Gustav Olofsson,MTL,D,0,18,0
Victor Olofsson,BUF,RW,22,501,0.043912176
Dmitry Orlov,WSH,D,10,616,0.016233766
T.J. Oshie,WSH,C,20,527,0.037950664
Alex Ovechkin,WSH,LW,31,589,0.052631579
Max Pacioretty,VEG,LW,26,524,0.049618321
Jean-Gabriel Pageau,OTT,C,20,489,0.040899796
Ondrej Palat,TBL,LW,15,402,0.037313433
Kyle Palmieri,NJD,RW,16,440,0.036363636
Artemi Panarin,NYR,LW,33,535,0.061682243
Richard Panik,WSH,RW,2,208,0.009615385
Cedric Paquette,TBL,C,8,228,0.035087719
Colton Parayko,STL,D,12,668,0.017964072
Zach Parise,MIN,LW,16,470,0.034042553
David Pastrnak,BOS,RW,42,519,0.080924855
Nick Paul,OTT,LW,9,346,0.026011561
Joe Pavelski,DAL,C,12,520,0.023076923
Tanner Pearson,VAN,LW,17,464,0.036637931
Adam Pelech,NYI,D,7,530,0.013207547
Brendan Perlini,TOT,LW,1,197,0.005076142
Brendan Perlini,DET,LW,1,189,0.005291005
Brendan Perlini,CHI,LW,0,8,0
Mathieu Perreault,WPG,C,9,374,0.024064171
David Perron,STL,LW,28,529,0.052930057
Corey Perry,DAL,RW,9,287,0.031358885
Joel Persson,EDM,D,2,157,0.012738854
Brett Pesce,CAR,D,9,578,0.015570934
Nic Petan,TOR,C,3,150,0.02
Jeff Petry,MTL,D,14,646,0.021671827
Elias Pettersson,VAN,C,31,535,0.057943925
Marcus Pettersson,PIT,D,8,518,0.015444015
Alex Pietrangelo,STL,D,20,695,0.028776978
Neal Pionk,WPG,D,13,622,0.020900322
Brandon Pirri,VEG,C,1,142,0.007042254
Tyler Pitlick,PHI,C,5,249,0.020080321
Ryan Poehling,MTL,C,0,35,0
Brayden Point,TBL,C,20,392,0.051020408
Roman Polak,DAL,D,2,151,0.013245033
Tucker Poolman,WPG,D,8,417,0.019184652
Derrick Pouliot,STL,D,0,17,0
Nikolai Prokhorkin,LAK,LW,5,118,0.042372881
Dalton Prout,SJS,D,0,26,0
Ivan Provorov,PHI,D,17,671,0.02533532
Ryan Pulock,NYI,D,12,545,0.022018349
Mark Pysyk,FLA,D,2,282,0.007092199
Alan Quine,CGY,C,1,88,0.011363636
Lukas Radil,SJS,C,0,132,0
Alexander Radulov,DAL,RW,15,487,0.030800821
Michael Raffl,PHI,LW,9,334,0.026946108
Rickard Rakell,ANA,RW,19,500,0.038
Mikko Rantanen,COL,RW,16,181,0.08839779
Victor Rask,MIN,C,4,164,0.024390244
Ryan Reaves,VEG,RW,4,264,0.015151515
Mike Reilly,MTL,D,4,161,0.02484472
Sam Reinhart,BUF,C,20,564,0.035460993
Anthony Richard,NSH,C,0,4,0
Brad Richardson,ARI,C,2,299,0.006688963
Tobias Rieder,CGY,C,1,223,0.004484305
Morgan Rielly,TOR,D,20,696,0.028735632
Juuso Riikola,PIT,D,1,147,0.006802721
Zac Rinaldo,CGY,C,0,24,0
Rasmus Ristolainen,BUF,D,11,647,0.017001546
Brett Ritchie,BOS,RW,4,163,0.024539877
Nick Ritchie,ANA,LW,10,371,0.026954178
Eric Robinson,CBJ,LW,3,80,0.0375
Evan Rodrigues,BUF,C,2,164,0.012195122
Kevin Rooney,NJD,C,1,182,0.005494505
Calle Rosen,COL,D,1,46,0.02173913
Jack Roslovic,WPG,C,12,397,0.0302267
Carter Rowney,ANA,RW,8,365,0.021917808
Matt Roy,LAK,D,6,452,0.013274336
Nicolas Roy,VEG,C,3,67,0.044776119
German Rubtsov,PHI,C,0,23,0
Chad Ruhwedel,PIT,D,1,60,0.016666667
Kris Russell,EDM,D,4,530,0.00754717
Patrick Russell,EDM,RW,4,286,0.013986014
Bryan Rust,PIT,RW,17,243,0.069958848
Jan Rutta,TBL,D,2,115,0.017391304
Bobby Ryan,OTT,LW,4,196,0.020408163
Derek Ryan,CGY,C,11,415,0.026506024
Joakim Ryan,LAK,D,2,253,0.007905138
Brandon Saad,CHI,LW,16,447,0.035794183
Scott Sabourin,OTT,F,2,69,0.028985507
Miikka Salomaki,NSH,RW,1,61,0.016393443
Rasmus Sandin,TOR,D,2,73,0.02739726
Zach Sanford,STL,LW,10,309,0.03236246
Travis Sanheim,PHI,D,7,540,0.012962963
Steven Santini,NSH,D,0,19,0
Ashton Sautner,VAN,D,0,3,0
David Savard,CBJ,D,4,511,0.007827789
Luca Sbisa,WPG,D,3,253,0.011857708
Marco Scandella,BUF,D,6,358,0.016759777
Colton Sceviour,FLA,C,7,340,0.020588235
Tim Schaller,VAN,LW,4,327,0.012232416
Mark Scheifele,WPG,C,24,582,0.041237113
Brayden Schenn,STL,C,25,542,0.046125461
Luke Schenn,TBL,D,1,137,0.00729927
Nick Schmaltz,ARI,C,20,447,0.044742729
Nate Schmidt,VEG,D,11,361,0.030470914
Justin Schultz,PIT,D,8,440,0.018181818
Jaden Schwartz,STL,C,22,526,0.041825095
Brent Seabrook,CHI,D,4,440,0.009090909
Nick Seeler,MIN,D,0,44,0
Tyler Seguin,DAL,C,21,540,0.038888889
Andrej Sekera,DAL,D,2,473,0.00422833
Brett Seney,NJD,LW,0,20,0
Zachary Senyshyn,BOS,RW,2,34,0.058823529
Mikhail Sergachev,TBL,D,14,443,0.031602709
Damon Severson,NJD,D,5,559,0.008944544
Michael Sgarbossa,WSH,C,0,16,0
Kevin Shattenkirk,TBL,D,19,464,0.040948276
Andrew Shaw,CHI,C,10,376,0.026595745
Logan Shaw,WPG,RW,0,93,0
Riley Sheahan,EDM,C,1,303,0.00330033
Conor Sheary,BUF,LW,9,325,0.027692308
Kole Sherwood,CBJ,RW,0,20,0
Devin Shore,ANA,C,3,171,0.01754386
Nick Shore,TOR,C,3,194,0.015463918
Jonas Siegenthaler,WSH,D,5,473,0.010570825
Jakob Silfverberg,ANA,LW,19,493,0.038539554
Radim Simek,SJS,D,4,225,0.017777778
Wayne Simmonds,NJD,RW,11,413,0.026634383
Dominik Simon,PIT,C,13,410,0.031707317
Colton Sissons,NSH,C,12,371,0.032345013
Jeff Skinner,BUF,LW,17,487,0.034907598
Brady Skjei,NYR,D,10,503,0.019880716
Jaccob Slavin,CAR,D,16,606,0.02640264
Brendan Smith,NYR,D,5,285,0.01754386
Craig Smith,NSH,C,7,350,0.02
Gemel Smith,TBL,C,1,28,0.035714286
Givani Smith,DET,RW,0,45,0
Reilly Smith,VEG,RW,20,533,0.037523452
Zack Smith,CHI,C,5,221,0.022624434
Vladimir Sobotka,BUF,C,3,228,0.013157895
Carl Soderberg,ARI,C,12,467,0.025695931
Marcus Sorensen,SJS,RW,8,339,0.02359882
Carson Soucy,MIN,D,2,309,0.006472492
Jason Spezza,TOR,C,10,193,0.051813472
Jared Spurgeon,MIN,D,16,628,0.025477707
Eric Staal,MIN,C,19,445,0.042696629
Jordan Staal,CAR,C,7,493,0.014198783
Marc Staal,NYR,D,2,203,0.009852217
Steven Stamkos,TBL,C,20,378,0.052910053
Paul Stastny,VEG,C,12,497,0.024144869
Troy Stecher,VAN,D,5,401,0.012468828
Sam Steel,ANA,C,10,373,0.026809651
Alex Steen,STL,C,5,235,0.021276596
Derek Stepan,ARI,C,10,525,0.019047619
Chandler Stephenson,WSH,C,4,284,0.014084507
Chris Stewart,PHI,RW,1,73,0.01369863
Riley Stillman,FLA,D,0,48,0
Mark Stone,VEG,RW,24,575,0.04173913
Michael Stone,CGY,D,3,231,0.012987013
Anton Stralman,FLA,D,10,551,0.01814882
Dylan Strome,CHI,C,17,374,0.045454545
Ryan Strome,NYR,C,23,508,0.045275591
Jack Studnicka,BOS,C,1,24,0.041666667
P.K. Subban,NJD,D,5,599,0.008347245
C.J. Suess,WPG,LW,0,6,0
Oskar Sundqvist,STL,C,12,350,0.034285714
Antti Suomela,SJS,C,1,43,0.023255814
Ryan Suter,MIN,D,16,673,0.023774146
Brandon Sutter,VAN,C,8,279,0.028673835
Nick Suzuki,MTL,C,13,389,0.033419023
Andrei Svechnikov,CAR,RW,29,447,0.064876957
Evgeny Svechnikov,DET,LW,0,33,0
Jordan Szwarz,OTT,RW,0,15,0
Brandon Tanev,PIT,LW,13,385,0.033766234
Chris Tanev,VAN,D,5,558,0.008960573
Vladimir Tarasenko,STL,RW,10,162,0.061728395
Tomas Tatar,MTL,C,24,423,0.056737589
John Tavares,TOR,C,20,394,0.050761421
Matt Tennyson,NJD,D,3,229,0.013100437
Teuvo Teravainen,CAR,F,26,524,0.049618321
Troy Terry,ANA,C,6,378,0.015873016
Alexandre Texier,CBJ,C,4,283,0.014134276
Shea Theodore,VEG,D,12,625,0.0192
Robert Thomas,STL,C,10,337,0.029673591
Nate Thompson,MTL,C,7,365,0.019178082
Tage Thompson,BUF,C,0,7,0
Joe Thornton,SJS,C,9,407,0.022113022
Chris Tierney,OTT,C,12,459,0.026143791
Dmytro Timashov,TOR,LW,6,168,0.035714286
Conor Timmins,COL,D,0,21,0
Brady Tkachuk,OTT,LW,15,478,0.031380753
Matthew Tkachuk,CGY,LW,24,535,0.044859813
Devon Toews,NYI,D,11,484,0.022727273
Jonathan Toews,CHI,C,14,524,0.026717557
Tyler Toffoli,LAK,C,13,433,0.030023095
Dominic Toninato,FLA,C,2,91,0.021978022
Yakov Trenin,NSH,C,0,13,0
Vincent Trocheck,FLA,C,14,333,0.042042042
Zach Trotman,PIT,D,0,68,0
Jacob Trouba,NYR,D,14,589,0.0237691
Alex Tuch,VEG,RW,5,171,0.029239766
Kyle Turris,NSH,C,9,258,0.034883721
Carsen Twarynski,PHI,F,1,146,0.006849315
T.J. Tynan,COL,C,1,100,0.01
Urho Vaakanainen,BOS,D,0,84,0
James van Riemsdyk,PHI,LW,11,418,0.026315789
Trevor van Riemsdyk,CAR,D,2,211,0.009478673
Sami Vatanen,NJD,D,10,480,0.020833333
Frank Vatrano,FLA,LW,10,405,0.024691358
Carter Verhaeghe,TBL,C,1,143,0.006993007
Max Veronneau,OTT,RW,0,34,0
Jimmy Vesey,BUF,LW,7,337,0.020771513
Jake Virtanen,VAN,RW,12,337,0.035608309
Marc-Edouard Vlasic,SJS,D,8,579,0.013816926
Alexander Volkov,TBL,RW,0,48,0
Jakub Voracek,PHI,RW,20,442,0.045248869
Mikhail Vorobyev,PHI,C,1,53,0.018867925
Jakub Vrana,WSH,LW,23,409,0.056234719
Austin Wagner,LAK,LW,5,275,0.018181818
Chris Wagner,BOS,C,5,350,0.014285714
Oliver Wahlstrom,NYI,RW,0,93,0
Nathan Walker,STL,C,2,35,0.057142857
Sean Walker,LAK,D,12,540,0.022222222
Lucas Wallmark,CAR,C,8,349,0.022922636
Austin Watson,NSH,LW,9,313,0.028753994
Jordan Weal,MTL,C,4,261,0.01532567
Shea Weber,MTL,D,21,637,0.032967033
Yannick Weber,NSH,D,0,181,0
Anton Wedin,CHI,F,0,20,0
MacKenzie Weegar,FLA,D,10,359,0.027855153
Alexander Wennberg,CBJ,C,9,464,0.019396552
Zach Werenski,CBJ,D,16,590,0.027118644
Blake Wheeler,WPG,RW,18,529,0.034026465
Colin White,OTT,C,5,329,0.015197568
Colin Wilson,COL,C,4,114,0.035087719
Tom Wilson,WSH,RW,19,512,0.037109375
Luke Witkowski,TBL,D,3,106,0.028301887
Miles Wood,NJD,LW,7,317,0.022082019
Keith Yandle,FLA,D,21,532,0.039473684
Danil Yurtaykin,SJS,F,0,52,0
Pavel Zacha,NJD,C,10,341,0.029325513
Filip Zadina,DET,RW,2,70,0.028571429
Nikita Zadorov,COL,D,4,401,0.009975062
Nikita Zaitsev,OTT,D,7,595,0.011764706
Travis Zajac,NJD,C,9,425,0.021176471
Mika Zibanejad,NYR,C,15,272,0.055147059
Mats Zuccarello,MIN,LW,12,361,0.033240997
Jason Zucker,MIN,LW,17,436,0.038990826
Valentin Zykov,VEG,LW,2,82,0.024390244
